,movie_title
0,Kansas City
1,Sommersby
2,We Bought a Zoo
3,The Spy Who Loved Me
4,Next Friday
5,Melancholia
6,The Kite Runner
7,Noah
8,Overboard
9,The Girl Next Door
10,Hellraiser
11,The Wedding Date
12,The Twilight Saga: Eclipse
13,The Hobbit: An Unexpected Journey
14,Pinocchio
15,Four Brothers
16,The Return of the Pink Panther
17,Lucky You
18,Shrek 2
19,Exodus
20,Dark Shadows
21,Trumbo
22,Jackie Brown
23,Big Trouble
24,Clear and Present Danger
25,Bad Times at the El Royale
26,Stealing Harvard
27,Alvin and the Chipmunks: The Squeakquel
28,Two Night Stand
29,Observe and Report
30,Angel Eyes
31,Peter Rabbit 2: The Runaway
32,Suicide Squad
33,The Marksman
34,The Last Emperor
35,My Best Friend's Wedding
36,Poltergeist III
37,Spider-Man 3
38,Malignant
39,A Better Life
40,Ocean's Twelve
41,Austin Powers in Goldmember
42,Battle of the Year
43,Disclosure
44,Flirting with Disaster
45,September Dawn
46,Ted 2
47,Absolute Power
48,The Invisible Man
49,The Ladies Man
50,Legend
51,Mr. 3000
52,Wicker Park
53,Sunshine State
54,Five Feet Apart
55,Hawaii
56,The Unbearable Weight of Massive Talent
57,In & Out
58,Keeping Up with the Joneses
59,This Christmas
60,Saw 3D
61,Casino
62,Top Five
63,Triple Threat
64,Sleepy Hollow
65,Step Up 3D
66,Area 51
67,The Thin Red Line
68,Boy Erased
69,Shut In
70,Role Models
71,The Grand Budapest Hotel
72,Ella Enchanted
73,Diary of a Wimpy Kid: Dog Days
74,The Broadway Melody
75,Black Hawk Down
76,Friday the 13th Part VI: Jason Lives
77,Legally Blonde
78,The Last Samurai
79,The Funeral
80,Alpha and Omega
81,Prom
82,Drinking Buddies
83,Seven Psychopaths
84,Best in Show
85,West Side Story
86,Life as a House
87,The Angry Birds Movie
88,Project Almanac
89,Malevolence
90,The Thing
91,Saving Mr. Banks
92,Devil's Due
93,15 Minutes
94,National Champions
95,No Time to Die
96,Dunkirk
97,The Jungle Book
98,The Spectacular Now
99,Happy Feet
100,The Game
101,Earth to Echo
102,Acrimony
103,RocknRolla
104,Tomorrowland
105,Deadfall
106,Willard
107,Pushing Tin
108,Australia
109,The Big Wedding
110,Uncle Drew
111,Driving Lessons
112,Fast & Furious Presents: Hobbs & Shaw
113,The Specialist
114,40 Days and 40 Nights
115,The Good German
116,Election
117,The Messengers
118,Free Willy
119,Justin Bieber: Never Say Never
120,Beasts of the Southern Wild
121,Swingers
122,Beast
123,Heaven's Gate
124,The River Wild
125,The Sting
126,The Extra Man
127,The Pelican Brief
128,Hugo
129,The French Connection
130,"Legally Blonde 2: Red, White & Blonde"
131,Summerland
132,Mallrats
133,Last Action Hero
134,That Thing You Do!
135,Graduation Day
136,"Me, Myself & Irene"
137,Up Close & Personal
138,The Yards
139,The Last Castle
140,Scream 3
141,Veronica Mars
142,The Boss Baby
143,Sholem Aleichem: Laughing in the Darkness
144,Underclassman
145,Crossover
146,Jaws 2
147,The Whole Ten Yards
148,Bumblebee
149,Ouija: Origin of Evil
150,Charlie's Angels: Full Throttle
151,"You, Me and Dupree"
152,Superman III
153,Slums of Beverly Hills
154,Mandy
155,Total Recall
156,The Firm
157,Bullets Over Broadway
158,Superman IV: The Quest for Peace
159,Gotti
160,X
161,Pollock
162,Blue Streak
163,L.A. Confidential
164,My Girl
165,Edge of Tomorrow
166,In Time
167,McHale's Navy
168,Oz the Great and Powerful
169,Wonder Woman 1984
170,Same Kind of Different as Me
171,True Lies
172,The Social Network
173,Primary Colors
174,"I Love You, Beth Cooper"
175,Parkland
176,Conquest of the Planet of the Apes
177,Beyond the Mat
178,About Last Night
179,Dangal
180,Harlem Nights
181,Brazil
182,Supernova
183,Dolittle
184,Miss Congeniality
185,Lars and the Real Girl
186,How to Deal
187,Witness
188,Lawrence of Arabia
189,Rush Hour 2
190,Friends with Benefits
191,Ray
192,Nobody
193,There's Something About Mary
194,A Hard Day's Night
195,The Patriot
196,The Bank Job
197,Jonah Hex
198,3:10 to Yuma
199,The Case for Christ
200,Turistas
201,Gigli
202,Top Gun
203,Prefontaine
204,The Dressmaker
205,Warm Bodies
206,Spectre
207,Leatherheads
208,Jumanji: Welcome to the Jungle
209,Amelia
210,Menace II Society
211,Mississippi Mermaid
212,Evening
213,Elle
214,The Sweetest Thing
215,Instant Family
216,Gracie
217,Angels & Demons
218,Mystic River
219,Waking Ned Devine
220,Why Did I Get Married Too?
221,Aquamarine
222,Sense and Sensibility
223,Sgt. Bilko
224,The Assistant
225,Armageddon
226,Mary Reilly
227,What Dreams May Come
228,The Best Little Whorehouse in Texas
229,The Happy Prince
230,Percy Jackson & the Olympians: The Lightning Thief
231,Logan Lucky
232,The Story of Us
233,Mary Poppins Returns
234,Fantastic Four: Rise of the Silver Surfer
235,The Number 23
236,Game Night
237,The Other Side of Heaven
238,Wonderland
239,Drive Angry
240,The Words
241,Seven Years in Tibet
242,The Little Things
243,Happiness
244,Nebraska
245,Charlie's Angels
246,Arnolds Park
247,The Black Hole
248,Fifty Shades Freed
249,I Dreamed of Africa
250,Flight of the Phoenix
251,Facing the Giants
252,Young Guns
253,Argo
254,Gangs of New York
255,Big
256,Playing for Keeps
257,Serenity
258,The Sound of Music
259,Skins
260,End of Watch
261,My Week with Marilyn
262,The Lord of the Rings: The Fellowship of the Ring
263,"Roman J. Israel, Esq."
264,The Hitchhiker's Guide to the Galaxy
265,Anywhere But Here
266,The Color of Money
267,Rebound
268,The Legend of Tarzan
269,The Tree of Life
270,The Rite
271,Getaway
272,Man of the Year
273,Abandon
274,The Last Black Man in San Francisco
275,The Unholy
276,A Time to Kill
277,The Last Dragon
278,Sugar Town
279,Aliens in the Attic
280,An American Carol
281,Shanghai Knights
282,The Shipping News
283,Maze Runner: The Death Cure
284,Our Idiot Brother
285,Pooh's Heffalump Movie
286,Maze Runner: The Scorch Trials
287,American Psycho
288,Finding Neverland
289,Repo Man
290,The White Countess
291,The Sisterhood of the Traveling Pants
292,The Boy Next Door
293,Serpico
294,Paycheck
295,Blow Out
296,Undisputed
297,Con Air
298,Three Kings
299,Richard Jewell
300,Corky Romano
301,Twins
302,Drumline
303,Revenge of the Green Dragons
304,Last Man Standing
305,The Lost Weekend
306,The Tale of Despereaux
307,Need for Speed
308,Split Second
309,Glengarry Glen Ross
310,Dodgeball: A True Underdog Story
311,The Nut Job 2: Nutty by Nature
312,Basic Instinct 2
313,The Box
314,Secondhand Lions
315,Goodfellas
316,Delgo
317,Escape from L.A.
318,Get Over It
319,Stuart Little
320,Apollo 18
321,10 Days in a Madhouse
322,Circle
323,Surrogates
324,Ben-Hur: A Tale of the Christ
325,Book of Shadows: Blair Witch 2
326,Replicas
327,A Journal for Jordan
328,Good Luck Chuck
329,Shang-Chi and the Legend of the Ten Rings
330,Light Sleeper
331,Original Sin
332,United Passions
333,The Snowman
334,Exorcist: The Beginning
335,Spy Kids
336,The Avengers
337,Virus
338,Night of the Living Dead
339,Mechanic: Resurrection
340,Harry Potter and the Order of the Phoenix
341,Freaky
342,The A-Team
343,Ali
344,Rosewater
345,Out of Time
346,Cinderella Man
347,Osmosis Jones
348,The Butterfly Effect
349,Muppets Most Wanted
350,Friday the 13th Part VII: The New Blood
351,Hunt for the Wilderpeople
352,Autumn in New York
353,Bleed for This
354,Elmer Gantry
355,Cape Fear
356,Epic Movie
357,Detroit
358,Knock Off
359,Duplex
360,Paranormal Activity: The Marked Ones
361,A Mighty Heart
362,8MM
363,Higher Ground
364,Show Boat
365,Frida
366,Monster
367,2012
368,The Mexican
369,Star Trek
370,Strangerland
371,The Greatest Game Ever Played
372,House Party 2
373,Lifeforce
374,The Dark Knight
375,Flipper
376,Green Book
377,Lone Wolf McQuade
378,The Toxic Avenger Part II
379,Possession
380,Reno 911!: Miami
381,Big Miracle
382,Margin Call
383,Being Julia
384,The Whole Nine Yards
385,Green Zone
386,The Deep End of the Ocean
387,Angel Has Fallen
388,The Son of No One
389,Tank Girl
390,Parker
391,Marmaduke
392,A Most Wanted Man
393,L.I.E.
394,Mortal Kombat
395,Prometheus
396,The Legend of Bagger Vance
397,Brother
398,Bridget Jones's Diary
399,Southpaw
400,Sing
401,Miracles from Heaven
402,Father Stu
403,Straight Outta Compton
404,The Lovely Bones
405,Redbelt
406,Horrible Bosses
407,Resurrecting the Champ
408,Eat Pray Love
409,Open Season
410,Our Family Wedding
411,A Man Apart
412,Face/Off
413,The Book of Eli
414,Gridiron Gang
415,The Little Vampire
416,Sahara
417,Premonition
418,Shadowlands
419,The Big Bounce
420,Pan
421,Everyone Says I Love You
422,Larry the Cable Guy: Health Inspector
423,No Reservations
424,Love's Abiding Joy
425,Kung Fu Hustle
426,Meet the Parents
427,Antitrust
428,The Hangover Part II
429,The Machinist
430,The Shining
431,Stronger
432,Pulp Fiction
433,Remember Me
434,House of Gucci
435,The Giant Mechanical Man
436,Friday the 13th Part VIII: Jason Takes Manhattan
437,Avatar: The Way of Water
438,Just Mercy
439,Monty Python and the Holy Grail
440,Beverly Hills Cop
441,Battle of the Sexes
442,Get Him to the Greek
443,The Nutcracker and the Four Realms
444,Deliver Us from Evil
445,The Best of Me
446,The 5th Wave
447,Home Fries
448,Indivisible
449,Breakin' All the Rules
450,Hustlers
451,Resident Evil
452,The Savages
453,Kingdom of the Spiders
454,Superhero Movie
455,Harper
456,Rosemary's Baby
457,American Beauty
458,The Day After Tomorrow
459,The Nutty Professor
460,Phantom
461,No Man's Land
462,The Singles Ward
463,Get Carter
464,The Emperor's Club
465,How to Lose Friends & Alienate People
466,Buffalo '66
467,Tuck Everlasting
468,The Beastmaster
469,The Hunger Games: Mockingjay - Part 2
470,Cedar Rapids
471,The Watch
472,The Color Purple
473,Why Him?
474,Hot Tub Time Machine
475,Lawless
476,Dumb and Dumberer: When Harry Met Lloyd
477,The Theory of Everything
478,When a Stranger Calls
479,The Age of Adaline
480,Four Lions
481,The Claim
482,Forever My Girl
483,Big Fish
484,The Man in the Iron Mask
485,Spanglish
486,Reservoir Dogs
487,Just Like Heaven
488,Mercy Streets
489,Enough Said
490,Centurion
491,Strange World
492,Return to Me
493,Deadpool
494,Motherhood
495,Liar Liar
496,Lolita
497,Funny People
498,Big Trouble in Little China
499,A Good Year
500,Close Encounters of the Third Kind
501,The Art of War
502,Glitter
503,Bad Moms
504,Sucker Punch
505,Alvin and the Chipmunks: Chipwrecked
506,Heist
507,Extreme Measures
508,Cool Runnings
509,Megamind
510,Predator
511,Metropolitan
512,Sabrina
513,Independence Day
514,Man on the Moon
515,Creepshow
516,The Ring
517,Ghostbusters
518,No Escape
519,Cast Away
520,Beetlejuice
521,Hope Floats
522,Puss in Boots
523,Stand by Me
524,The Stepford Wives
525,Ladder 49
526,Black and Blue
527,The Ice Storm
528,The Greatest Story Ever Told
529,Crazy Heart
530,Snatch
531,Maniac
532,Revolutionary Road
533,The Silence of the Lambs
534,Dreaming of Joseph Lees
535,Boiler Room
536,Yentl
537,Polytechnique
538,Jack Frost
539,Cut Throat City
540,Milk
541,Get Hard
542,Wimbledon
543,Enemy at the Gates
544,Solo: A Star Wars Story
545,Kill List
546,E.T. the Extra-Terrestrial
547,The Mask
548,Machete Kills
549,The Visit
550,The Visit
551,My Bloody Valentine
552,The Expendables 2
553,Nicholas Nickleby
554,Doctor Dolittle
555,"Happy, Texas"
556,American History X
557,Anastasia
558,Rocky Balboa
559,Babe
560,The Real Cancun
561,Tron: Legacy
562,Platoon
563,"Juliet, Naked"
564,Earthquake
565,Weekend
566,Signs
567,The Beaver
568,Sgt. Stubby: An American Hero
569,We Are Marshall
570,Friday After Next
571,Dreamgirls
572,The Birth of a Nation
573,Midnight in Paris
574,American Ultra
575,De-Lovely
576,Borat
577,Duplicity
578,Ninja Assassin
579,Hercules
580,United 93
581,Jackie
582,Collide
583,White Fang
584,Transformers: The Last Knight
585,Yeh Jawaani Hai Deewani
586,Resident Evil: Welcome to Raccoon City
587,Unplanned
588,The Adventures of Rocky & Bullwinkle
589,Bewitched
590,Forty Shades of Blue
591,The Martian
592,Real Women Have Curves
593,Brotherly Love
594,Loser
595,Do the Right Thing
596,Secretary
597,Happy Death Day
598,Overlord
599,Moonraker
600,Snakes on a Plane
601,Early Man
602,Shutter
603,Magnolia
604,Man on Fire
605,Cinderella
606,Gunless
607,City of Angels
608,The 6th Day
609,Moana
610,The Road to El Dorado
611,By the Sea
612,The Last Exorcism Part II
613,Chain Letter
614,Colombiana
615,The Time Machine
616,Frenzy
617,Total Recall
618,Norm of the North
619,My Big Fat Independent Movie
620,Red State
621,A Scanner Darkly
622,Unaccompanied Minors
623,Passchendaele
624,A Passage to India
625,Celebrity
626,Wonder Boys
627,Eve's Bayou
628,Leaving Las Vegas
629,The Tourist
630,Talk Radio
631,Cloudy with a Chance of Meatballs
632,Hardball
633,The Virginity Hit
634,Cry Wolf
635,The Host
636,Kick-Ass 2
637,The Informant!
638,Young Adult
639,Anything Else
640,Alice Through the Looking Glass
641,Phat Girlz
642,Fast & Furious
643,Light It Up
644,G-Force
645,Dudley Do-Right
646,Undead
647,The Cable Guy
648,Cellular
649,About a Boy
650,Marie Antoinette
651,Not Cool
652,Small Time Crooks
653,Fame
654,Troy
655,An Everlasting Piece
656,Practical Magic
657,The Station Agent
658,Airplane!
659,The Tax Collector
660,Jack Reacher
661,Mars Attacks!
662,Incendies
663,Blood Done Sign My Name
664,Blast from the Past
665,The Avengers
666,The Terminal
667,You Again
668,Beyond the Sea
669,Deepwater Horizon
670,Three to Tango
671,Babel
672,Blackthorn
673,Mortal Kombat: Annihilation
674,Madagascar
675,Alien
676,New York Minute
677,Goosebumps
678,Booksmart
679,Something's Gotta Give
680,Beautiful
681,Subway
682,Equilibrium
683,Meet the Spartans
684,Saw V
685,Hands of Stone
686,The Secret Life of Pets
687,JFK
688,I Smile Back
689,Munich
690,The Internship
691,Bonnie and Clyde
692,Bucky Larson: Born to Be a Star
693,The Insider
694,Abominable
695,Somewhere in Time
696,White Oleander
697,Walking and Talking
698,Beverly Hills Cop II
699,Striptease
700,Thomas and the Magic Railroad
701,Toy Story 3
702,"Dancer, Texas Pop. 81"
703,The Jacket
704,Sherlock Gnomes
705,Match Point
706,Shutter Island
707,Blood and Chocolate
708,Ice Age
709,Gloria
710,Urban Legends: Final Cut
711,The R.M.
712,10 Things I Hate About You
713,The Hate U Give
714,The Sweet Hereafter
715,Nacho Libre
716,Frost/Nixon
717,Starsky & Hutch
718,The East
719,The Eagle
720,April Fool's Day
721,The To Do List
722,"New York, New York"
723,Cecil B. Demented
724,From Hell
725,Hot Rod
726,Syriana
727,I Origins
728,Ride Along
729,Fiza
730,Find Me Guilty
731,The Rocky Horror Picture Show
732,"The Goods: Live Hard, Sell Hard"
733,Personal Shopper
734,Bandslam
735,Eight Below
736,Fled
737,Planet of the Apes
738,Friday the 13th
739,Road Trip
740,Darling Companion
741,Half Baked
742,Krampus
743,A Street Cat Named Bob
744,"Mystery, Alaska"
745,Runner Runner
746,Scream 4
747,The Players Club
748,On Her Majesty's Secret Service
749,Hannah Montana: The Movie
750,The Boxtrolls
751,Rambo III
752,The Other Side of the Door
753,Gods and Generals
754,Big Momma's House 2
755,The Terminator
756,Murder by Numbers
757,Jade
758,The Boss
759,The Adventures of Pinocchio
760,Mars Needs Moms
761,It's a Mad Mad Mad Mad World
762,The Ides of March
763,X-Men: Days of Future Past
764,Love Actually
765,Be Kind Rewind
766,Pride and Prejudice and Zombies
767,Like Crazy
768,In Dreams
769,Jumanji
770,"Synecdoche, New York"
771,Cradle Will Rock
772,The Judge
773,Wonder
774,The Island
775,21
776,The Country Bears
777,The Constant Gardener
778,The Weather Man
779,The Wild
780,The Descendants
781,Danny Collins
782,Elf
783,Anger Management
784,"Lyle, Lyle, Crocodile"
785,Night at the Museum: Battle of the Smithsonian
786,The Pacifier
787,Scream
788,Saw III
789,Side Effects
790,Johnny Suede
791,Fist Fight
792,The Sessions
793,Arlington Road
794,G.I. Joe: Retaliation
795,5 Days of War
796,Hotel Transylvania 2
797,The Dead Zone
798,Down by Law
799,Sweet November
800,An Unfinished Life
801,Hardflip
802,The Monuments Men
803,Eastern Promises
804,The Disaster Artist
805,Old School
806,Love Happens
807,Pompeii
808,Nerve
809,The Musketeer
810,Splash
811,Burnt
812,Winchester
813,Anchorman 2: The Legend Continues
814,The Great Wall
815,Queen & Slim
816,The Day the Earth Stood Still
817,Gulliver's Travels
818,Red Dragon
819,Watchmen
820,The Intruder
821,The Flintstones in Viva Rock Vegas
822,Donnie Darko
823,The Looking Glass
824,The Newton Boys
825,Inside Out
826,Persepolis
827,The Beach
828,Sleepover
829,Gemini Man
830,Black Rain
831,The Losers
832,Goldfinger
833,The Devil's Own
834,Stronger
835,The Longest Day
836,Shanghai Surprise
837,Girls Trip
838,Fair Game
839,Cry Freedom
840,Star Trek IV: The Voyage Home
841,On the Line
842,Timecop
843,Jobs
844,Trois
845,The Night Listener
846,Terminator 2: Judgment Day
847,Terminator 3: Rise of the Machines
848,Death to Smoochy
849,Silent Movie
850,Indiana Jones and the Last Crusade
851,The Fault in Our Stars
852,Proof
853,Brokeback Mountain
854,Congo
855,Class of 1984
856,The Dark Knight Rises
857,Bitter Harvest
858,Reds
859,The Last Song
860,Boys and Girls
861,War Horse
862,Think Like a Man Too
863,Terrifier 2
864,Unstoppable
865,The Stepfather
866,They
867,Hollow Man
868,Hansel & Gretel: Witch Hunters
869,Iron Man
870,Recess: School's Out
871,Contraband
872,The Rover
873,Kit Kittredge: An American Girl
874,Godzilla
875,Love and Monsters
876,The Transporter Refueled
877,Return to Oz
878,Lilo & Stitch
879,Lights Out
880,A Single Man
881,U.S. Marshals
882,Mission: Impossible
883,Amistad
884,The Great Escape
885,Gandhi
886,Sliding Doors
887,The Visit
888,Made
889,Come Early Morning
890,Barbecue
891,Cat People
892,Solitude
893,Bride of Chucky
894,History of the World: Part I
895,Stolen Summer
896,What Men Want
897,Freaky Friday
898,The Canyons
899,Licorice Pizza
900,The Fall of the Roman Empire
901,Neighbors 2: Sorority Rising
902,Walking Tall
903,Roar
904,Blade: Trinity
905,Country Strong
906,Renaissance
907,Mr. Church
908,My Life in Ruins
909,Barbershop 2: Back in Business
910,The Mummy: Tomb of the Dragon Emperor
911,My Favorite Martian
912,The Edge of Seventeen
913,Ransom
914,Awakenings
915,Glee: The 3D Concert Movie
916,March or Die
917,Mrs. Henderson Presents
918,Cinderella
919,Proof of Life
920,Sorry to Bother You
921,Star Trek II: The Wrath of Khan
922,Blood Ties
923,Do You Believe?
924,Wish I Was Here
925,The Incredible Burt Wonderstone
926,Clerks II
927,Kiss of Death
928,Won't Back Down
929,The Hunger Games: Mockingjay - Part 1
930,Everest
931,Nutty Professor II: The Klumps
932,RED 2
933,Dangerous Minds
934,The Shack
935,Kingpin
936,Living Out Loud
937,Town & Country
938,Firefox
939,Dirty Grandpa
940,Race
941,Next Stop Wonderland
942,Dazed and Confused
943,Dolphin Tale 2
944,Inferno
945,UHF
946,Parental Guidance
947,Street Kings
948,Boys Don't Cry
949,In Her Line of Fire
950,Jimmy Neutron: Boy Genius
951,Cars 3
952,Glory
953,Date Movie
954,Transformers
955,The Faculty
956,Bait
957,The Scorpion King
958,The Reaping
959,Summer of Sam
960,The Wedding Ringer
961,Crimson Tide
962,Alvin and the Chipmunks
963,Percy Jackson: Sea of Monsters
964,Friday
965,The Green Hornet
966,Win a Date with Tad Hamilton!
967,House of Sand and Fog
968,My Fellow Americans
969,The Gentlemen
970,A Walk in the Clouds
971,Music and Lyrics
972,Eternal Sunshine of the Spotless Mind
973,Little Fockers
974,All Saints
975,Saving Grace
976,Midsommar
977,The Andromeda Strain
978,Lock Up
979,The Big Lebowski
980,Paul
981,The Hundred-Foot Journey
982,The Kid
983,Red Riding Hood
984,Casino Jack
985,Collateral Beauty
986,C.H.U.D.
987,The Apostle
988,Ocean's Thirteen
989,The Happytime Murders
990,Babylon A.D.
991,Antwone Fisher
992,A Good Day to Die Hard
993,Snow Dogs
994,Johnny English Reborn
995,Django Unchained
996,Jefferson in Paris
997,The Wedding Planner
998,Teenage Mutant Ninja Turtles
999,Barry Lyndon
1000,Pain & Gain
1001,Lottery Ticket
1002,Cyrus
1003,Aloha
1004,The Adventures of Pluto Nash
1005,Margaret
1006,The Darkest Hour
1007,Nocturnal Animals
1008,Highlander: Endgame
1009,Lion
1010,Weekend
1011,The Piano
1012,Any Given Sunday
1013,Addicted
1014,The Great Debaters
1015,The Good Dinosaur
1016,Venus
1017,Flatliners
1018,The Tempest
1019,Black Christmas
1020,Spiral
1021,The Muppets
1022,Jingle All the Way
1023,12 Monkeys
1024,The Wrestler
1025,The Mummy
1026,Forrest Gump
1027,Bolt
1028,Sonny
1029,The Original Kings of Comedy
1030,Clifford the Big Red Dog
1031,Mad Max Beyond Thunderdome
1032,The Switch
1033,Beyond the Lights
1034,Homefront
1035,Gods of Egypt
1036,Deuces Wild
1037,Death at a Funeral
1038,Robin Hood: Prince of Thieves
1039,Drop Dead Gorgeous
1040,The Others
1041,Adrift
1042,Brahms: The Boy II
1043,The Postman Always Rings Twice
1044,King of California
1045,Ben-Hur
1046,Wonder Park
1047,Upside Down
1048,San Francisco
1049,Ready Player One
1050,Valerian and the City of a Thousand Planets
1051,The Godfather
1052,The History Boys
1053,Safe Men
1054,Snow Day
1055,Eagle Eye
1056,Paa
1057,Shoot 'Em Up
1058,Life of the Party
1059,Gone Baby Gone
1060,The Best Man Holiday
1061,Bambi
1062,The Ruins
1063,Midnight Run
1064,The Man Who Shot Liberty Valance
1065,Untraceable
1066,Whatever Works
1067,The Notebook
1068,Death Sentence
1069,Jojo Rabbit
1070,Urban Legend
1071,Shine
1072,The Family
1073,Doug's 1st Movie
1074,Kundun
1075,Underworld: Awakening
1076,The Forever Purge
1077,Double Take
1078,Woman Thou Art Loosed
1079,The Fan
1080,Spy Game
1081,Bowling for Columbine
1082,20th Century Women
1083,Pootie Tang
1084,Foolish
1085,The Last Days on Mars
1086,The Glimmer Man
1087,You Will Meet a Tall Dark Stranger
1088,Thinner
1089,Flushed Away
1090,Central Intelligence
1091,Murderball
1092,Priest
1093,Just Visiting
1094,Because of Winn-Dixie
1095,First Daughter
1096,Rocky
1097,Dhoom 3
1098,Minions
1099,Lions for Lambs
1100,Mystery Men
1101,Miami Vice
1102,Trade of Innocents
1103,Corpse Bride
1104,Scary Movie
1105,There Goes My Baby
1106,Changing Lanes
1107,The Rundown
1108,Restless
1109,Journey 2: The Mysterious Island
1110,Going in Style
1111,Tinker Tailor Soldier Spy
1112,Rudderless
1113,Burlesque
1114,Million Dollar Arm
1115,She Wore a Yellow Ribbon
1116,The Core
1117,Bad Boys
1118,Space Cowboys
1119,Fireproof
1120,The First Wives Club
1121,The Astronaut's Wife
1122,Crooklyn
1123,The Boy
1124,Steamboy
1125,Can You Ever Forgive Me?
1126,The Fifth Element
1127,Waterworld
1128,Very Bad Things
1129,Beerfest
1130,All the Pretty Horses
1131,Meet the Fockers
1132,The House
1133,Mickey Blue Eyes
1134,Fantastic Beasts and Where to Find Them
1135,Grace Unplugged
1136,Concussion
1137,Radio Flyer
1138,Carrie
1139,The Mirror Has Two Faces
1140,And Then Came Love
1141,Ready or Not
1142,Point Break
1143,Hannibal Rising
1144,Piranha 3D
1145,Playback
1146,Snow Falling on Cedars
1147,High Noon
1148,Derailed
1149,Horrible Bosses 2
1150,Brokedown Palace
1151,Day of the Dead
1152,Devil
1153,The Business of Strangers
1154,Burlesque
1155,Atlantis: The Lost Empire
1156,Ben-Hur
1157,Robin and Marian
1158,Star Trek VI: The Undiscovered Country
1159,Happy Valley
1160,Thunderball
1161,Fifty Shades of Black
1162,Hercules
1163,Killers
1164,Glass
1165,Get Out
1166,The Blues Brothers
1167,The Sisters Brothers
1168,The Blue Butterfly
1169,Black Mass
1170,Skyscraper
1171,The Brothers McMullen
1172,The Lost City
1173,Catch That Kid
1174,The Devil Inside
1175,Rocket Singh: Salesman of the Year
1176,Like a Boss
1177,Ouija
1178,Ladyhawke
1179,The Gospel of John
1180,The Horse Whisperer
1181,Grown Ups 2
1182,Kong: Skull Island
1183,Ace Ventura: Pet Detective
1184,Flatliners
1185,Lakeview Terrace
1186,Le Havre
1187,Friends with Money
1188,Boyhood
1189,Failure to Launch
1190,The Right Stuff
1191,Final Fantasy: The Spirits Within
1192,The Bachelor
1193,Street Fighter: The Legend of Chun-Li
1194,The Five-Year Engagement
1195,Invasion U.S.A.
1196,Godzilla vs. Kong
1197,Highlander
1198,Baby Boy
1199,The Artist
1200,A Dangerous Method
1201,House of Flying Daggers
1202,The Four Seasons
1203,One True Thing
1204,The Mighty
1205,In Too Deep
1206,Shine a Light
1207,New in Town
1208,Soul Plane
1209,Heavenly Creatures
1210,In the Heat of the Night
1211,Faster
1212,The Hunting Party
1213,The Invasion
1214,Spider-Man: No Way Home
1215,Space Jam
1216,Unforgettable
1217,Spotlight
1218,Teenage Mutant Ninja Turtles: Out of the Shadows
1219,Hacksaw Ridge
1220,Without Limits
1221,St. Vincent
1222,The Hurricane Heist
1223,Rio 2
1224,American Splendor
1225,The Quick and the Dead
1226,Analyze This
1227,The Molly Maguires
1228,Antz
1229,Miss Potter
1230,The Help
1231,Babylon
1232,Hitman: Agent 47
1233,N-Secure
1234,The Predator
1235,"Three Billboards Outside Ebbing, Missouri"
1236,Idiocracy
1237,Meet the Browns
1238,Stoker
1239,A View to a Kill
1240,No Looking Back
1241,The Assassination of Richard Nixon
1242,Room
1243,Gremlins
1244,The Egyptian
1245,The Mechanic
1246,Ghost Ship
1247,Peter Pan
1248,Nancy Drew
1249,The Princess and the Frog
1250,American Pie
1251,Maurice
1252,Test
1253,Hunter Killer
1254,Courageous
1255,Maximum Risk
1256,Constantine
1257,Suspiria
1258,Ruby in Paradise
1259,Gosford Park
1260,Escape Room: Tournament of Champions
1261,Captain Underpants: The First Epic Movie
1262,Zombieland
1263,Coco
1264,Truth or Dare
1265,The Express
1266,Across the Universe
1267,In the Cut
1268,Traffic
1269,The Killer Inside Me
1270,Monsters University
1271,Inside Deep Throat
1272,The Big Parade
1273,The Prince of Tides
1274,"Sex, Lies, and Videotape"
1275,Triple 9
1276,Mulholland Drive
1277,The Abyss
1278,The Nice Guys
1279,Wild
1280,The Guilt Trip
1281,Jungle Cruise
1282,Pride & Prejudice
1283,We're No Angels
1284,Naked Gun 33 1/3: The Final Insult
1285,Downsizing
1286,The Nun
1287,Elizabethtown
1288,Pitch Perfect 3
1289,King Richard
1290,The Phantom
1291,Dom Hemingway
1292,Becoming Jane
1293,Turbulence
1294,Closer
1295,Junebug
1296,North Country
1297,If Beale Street Could Talk
1298,A Ghost Story
1299,Lethal Weapon
1300,Men in Black
1301,Assassins
1302,The Forest
1303,Hostage
1304,A Nightmare on Elm Street
1305,The Calling
1306,Inherent Vice
1307,Immortals
1308,Braveheart
1309,Deep Rising
1310,Hannibal
1311,Mirrors
1312,Garden State
1313,Sweet Home Alabama
1314,Prophecy
1315,Killing Them Softly
1316,Doctor Strange in the Multiverse of Madness
1317,The Good Girl
1318,Conan the Barbarian
1319,Baywatch
1320,The Book of Life
1321,Escape Plan
1322,The Punisher
1323,Exit Wounds
1324,Admission
1325,Fiddler on the Roof
1326,Once
1327,Gung Ho
1328,Grace
1329,The Wrong Man
1330,Swimfan
1331,Drillbit Taylor
1332,Youth
1333,Wrath of Man
1334,The Client
1335,Quest for Camelot
1336,Auto Focus
1337,Death Wish
1338,Push
1339,My All-American
1340,Transformers: Age of Extinction
1341,The Favourite
1342,Radio Days
1343,Redemption
1344,The Ten Commandments
1345,Licence to Kill
1346,Starship Troopers
1347,Harold & Kumar Go to White Castle
1348,Home for the Holidays
1349,I Feel Pretty
1350,Victor Frankenstein
1351,A Cinderella Story
1352,Wanderlust
1353,America's Sweethearts
1354,The Ten Commandments
1355,Gretel & Hansel
1356,Mean Creek
1357,Serendipity
1358,The Odd Life of Timothy Green
1359,Ultraviolet
1360,Fight Club
1361,King Arthur
1362,Alita: Battle Angel
1363,The Long Kiss Goodnight
1364,Tomorrow Never Dies
1365,Commando
1366,The Brave One
1367,After Hours
1368,Love Liza
1369,The Visit
1370,The Visit
1371,Water
1372,Obsessed
1373,The Last Duel
1374,Miss Sloane
1375,Seven Pounds
1376,Intolerable Cruelty
1377,The Young Messiah
1378,The Boys from Brazil
1379,House at the End of the Street
1380,The Princess Bride
1381,Stuart Little 2
1382,3 Strikes
1383,Good Dick
1384,Talladega Nights: The Ballad of Ricky Bobby
1385,Silence
1386,Rendition
1387,The Chumscrubber
1388,King's Ransom
1389,Swimming Pool
1390,Maid in Manhattan
1391,Rain Man
1392,Scream 2
1393,Love the Coopers
1394,WarGames
1395,RoboCop
1396,Family Plot
1397,Creed
1398,Rock Dog
1399,Max Steel
1400,Wolf Creek
1401,Whiteout
1402,The Vatican Tapes
1403,Wild Hogs
1404,Soul Surfer
1405,The Prestige
1406,The Sweeney
1407,Sweet Country
1408,Thunderbirds
1409,The Fate of the Furious
1410,Luther
1411,Freaks of Nature
1412,Divergent
1413,I'm in Love with a Church Girl
1414,Don Jon
1415,Hook
1416,A Perfect Getaway
1417,Walk Hard: The Dewey Cox Story
1418,Halloween
1419,The Founder
1420,Law Abiding Citizen
1421,The Howling
1422,The Talented Mr. Ripley
1423,Takers
1424,The Curse of the Jade Scorpion
1425,Lone Survivor
1426,Legion
1427,The Love Letter
1428,Allied
1429,How to Be a Latin Lover
1430,The Hunted
1431,Duel in the Sun
1432,Ta Ra Rum Pum
1433,Shotgun Stories
1434,BlacKkKlansman
1435,Child 44
1436,Monster-in-Law
1437,The Matrix Resurrections
1438,Ghosts of Mississippi
1439,Hey Arnold! The Movie
1440,The Doors
1441,High Fidelity
1442,Grindhouse
1443,Jurassic World: Fallen Kingdom
1444,Jersey Boys
1445,One Day
1446,Limbo
1447,The Relic
1448,Blonde Ambition
1449,Apocalypto
1450,The Island
1451,The Watcher
1452,47 Meters Down: Uncaged
1453,He's Just Not That Into You
1454,Zero Effect
1455,The DUFF
1456,Underworld: Evolution
1457,Bound
1458,Road Hard
1459,Monos
1460,The Pledge
1461,Beauty and the Beast
1462,Fast Five
1463,Air Force One
1464,Lone Star
1465,Johnny English
1466,Terror Train
1467,Vera Drake
1468,Fear and Loathing in Las Vegas
1469,The Straight Story
1470,Christmas with the Kranks
1471,Zack and Miri Make a Porno
1472,Trolls
1473,The Skulls
1474,Julie & Julia
1475,Bowfinger
1476,Paterson
1477,Playback
1478,My Old Lady
1479,Shark Tale
1480,The Resurrection of Gavin Stone
1481,Down to Earth
1482,Psycho Beach Party
1483,Kinsey
1484,Dead Man Down
1485,Black Knight
1486,Big Momma's House
1487,The Babadook
1488,Ghost
1489,Freddy vs. Jason
1490,Money Monster
1491,American Hustle
1492,Blood Ties
1493,Ad Astra
1494,25th Hour
1495,Frequency
1496,After
1497,Hot Fuzz
1498,High Anxiety
1499,Joy
1500,Side Effects
1501,The Fountain
1502,Agent Cody Banks 2: Destination London
1503,Dinosaur
1504,Inspector Gadget
1505,Boogeyman
1506,Elysium
1507,The Haunted Mansion
1508,Snowpiercer
1509,Heartbreakers
1510,The Night Before
1511,The Texas Chainsaw Massacre
1512,The Usual Suspects
1513,Stop-Loss
1514,Witless Protection
1515,The Robe
1516,Hamlet
1517,Dick
1518,Mrs. Doubtfire
1519,I Want Your Money
1520,Mirror Mirror
1521,Not Another Teen Movie
1522,Seeking a Friend for the End of the World
1523,Eragon
1524,"War, Inc."
1525,The Blind Side
1526,Friend Request
1527,The Tempest
1528,Max
1529,Eraser
1530,The Invitation
1531,Endless Love
1532,A Christmas Story
1533,Into the Woods
1534,The Hotel New Hampshire
1535,Body Double
1536,Dangerous Liaisons
1537,Letters from Iwo Jima
1538,August Rush
1539,Bruce Almighty
1540,My Boss's Daughter
1541,Life
1542,Last Night in Soho
1543,Madagascar: Escape 2 Africa
1544,Mrs. Harris Goes to Paris
1545,Superbabies: Baby Geniuses 2
1546,Malone
1547,Take the Lead
1548,Baahubali: The Beginning
1549,American Dreamz
1550,Trainwreck
1551,21 Jump Street
1552,Despicable Me 2
1553,Crazy Rich Asians
1554,Marvin's Room
1555,American Wedding
1556,Patton
1557,Superbad
1558,Son of the Mask
1559,Elizabeth
1560,Judgment at Nuremberg
1561,Philadelphia
1562,The Curious Case of Benjamin Button
1563,Baby Mama
1564,Sunday
1565,Event Horizon
1566,Gone in 60 Seconds
1567,Dune
1568,Eden Lake
1569,Jane Got a Gun
1570,Ice Age: Dawn of the Dinosaurs
1571,"The Beast from 20,000 Fathoms"
1572,What Women Want
1573,Legends of the Fall
1574,The Birth of a Nation
1575,The Wolverine
1576,Four Christmases
1577,What's Eating Gilbert Grape
1578,50/50
1579,Speed Racer
1580,The Tigger Movie
1581,The Bad Guys
1582,The American
1583,Rob Roy
1584,Hedwig and the Angry Inch
1585,The Last Legion
1586,"20,000 Leagues Under the Sea"
1587,Finding Forrester
1588,The Exorcism of Emily Rose
1589,The Imitation Game
1590,Girl 6
1591,Death Becomes Her
1592,Captain America: Civil War
1593,Shooter
1594,Wyatt Earp
1595,Collateral Damage
1596,"Gandhi, My Father"
1597,Robin Hood
1598,Crawl
1599,Somewhere
1600,The Great Wall
1601,A Walk to Remember
1602,Pixels
1603,Battle for the Planet of the Apes
1604,The Light Between Oceans
1605,The Rocker
1606,Akeelah and the Bee
1607,Little Children
1608,Out Cold
1609,Florence Foster Jenkins
1610,Chicago
1611,Girl with a Pearl Earring
1612,Churchill
1613,Daredevil
1614,Paranoia
1615,For Colored Girls
1616,Unfriended: Dark Web
1617,Dracula 2000
1618,Monster House
1619,All the Real Girls
1620,Gravity
1621,Network
1622,Waitress
1623,The Intern
1624,The Lord of the Rings: The Return of the King
1625,One Man's Hero
1626,Jupiter Ascending
1627,Jurassic World: Dominion
1628,Nurse Betty
1629,American Ninja 2: The Confrontation
1630,Mommie Dearest
1631,Saving Silverman
1632,Beastly
1633,Hitman
1634,Limitless
1635,Racing Stripes
1636,The Hustle
1637,Avengers: Endgame
1638,Mean Girls
1639,Middle of Nowhere
1640,Annabelle Comes Home
1641,Singin' in the Rain
1642,Clay Pigeons
1643,Mata Hari
1644,The International
1645,Grosse Pointe Blank
1646,The Postman
1647,Bogus
1648,A Night at the Roxbury
1649,The Foreigner
1650,Office Space
1651,Madagascar 3: Europe's Most Wanted
1652,Focus
1653,PCU
1654,Coming Home
1655,The Giver
1656,Midnight Cowboy
1657,Come Play
1658,The Art of Getting By
1659,Something Borrowed
1660,Ordinary People
1661,The Square
1662,Confessions of a Teenage Drama Queen
1663,Old Joy
1664,17 Again
1665,Taken
1666,Jumanji: The Next Level
1667,Lightyear
1668,The Peacemaker
1669,The Expendables 3
1670,Thirteen Days
1671,Medicine Man
1672,Over the Hill to the Poorhouse
1673,The Signal
1674,Birdman or (The Unexpected Virtue of Ignorance)
1675,"Everything, Everything"
1676,Obvious Child
1677,The Mighty Ducks
1678,Benji
1679,Like Mike
1680,Dressed to Kill
1681,Rambo: First Blood Part II
1682,Gone with the Wind
1683,Just Getting Started
1684,The Longest Yard
1685,The Emperor's New Groove
1686,Poltergeist
1687,Dirty Work
1688,The Honeymooners
1689,The Hebrew Hammer
1690,Ice Age: Collision Course
1691,The Deep End
1692,Josie and the Pussycats
1693,The Wash
1694,Get Shorty
1695,The Emoji Movie
1696,Babe: Pig in the City
1697,The Greatest Showman
1698,Salvador
1699,Twilight Zone: The Movie
1700,Marci X
1701,The Negotiator
1702,My Dinner with Andre
1703,Blue Valentine
1704,In Cold Blood
1705,The Warrior's Way
1706,White Boy Rick
1707,The Missing
1708,Elektra
1709,"Cinco de Mayo, La Batalla"
1710,Open Range
1711,Time Bandits
1712,Black Nativity
1713,Rush Hour
1714,At First Sight
1715,Another Year
1716,Jexi
1717,The Great Gatsby
1718,The Way Way Back
1719,Bill & Ted's Bogus Journey
1720,Avatar
1721,Stomp the Yard
1722,License to Wed
1723,Free Birds
1724,Ghostbusters
1725,Young Frankenstein
1726,Hereafter
1727,Emma.
1728,State of Play
1729,Crazy in Alabama
1730,Cat on a Hot Tin Roof
1731,Emma
1732,Whipped
1733,The Score
1734,The Last Shot
1735,Cadillac Records
1736,Kickboxer
1737,Leap Year
1738,Sheena
1739,The Black Dahlia
1740,The Importance of Being Earnest
1741,Driving Miss Daisy
1742,Leap Year
1743,The Quiet American
1744,Hitch
1745,Child's Play 2
1746,Poltergeist
1747,I Spy
1748,Slackers
1749,Inglourious Basterds
1750,Halloween II
1751,Vampires Suck
1752,Sorcerer
1753,The Work and the Glory
1754,Superman Returns
1755,Invictus
1756,A Mighty Wind
1757,Mortdecai
1758,Freeheld
1759,The Good Liar
1760,The House Next Door: Meet the Blacks 2
1761,Sex with Strangers
1762,The Heat
1763,Seabiscuit
1764,American Anthem
1765,Thirteen
1766,Sherlock Holmes: A Game of Shadows
1767,Semi-Pro
1768,He Got Game
1769,Bangkok Dangerous
1770,The Covenant
1771,The Good Shepherd
1772,Soul Men
1773,Chain Reaction
1774,Moonrise Kingdom
1775,Dead Poets Society
1776,The Last Witch Hunter
1777,Post Grad
1778,Take Me Home Tonight
1779,Invincible
1780,Shaft
1781,Driven
1782,Paparazzi
1783,Rio
1784,Wish Upon
1785,Force 10 from Navarone
1786,Cradle 2 the Grave
1787,Digimon: The Movie
1788,Two Can Play That Game
1789,Laws of Attraction
1790,Call Me by Your Name
1791,Dredd
1792,"O Brother, Where Art Thou?"
1793,Uncharted
1794,The Cell
1795,Gran Torino
1796,Nine
1797,Operation Finale
1798,The World's Fastest Indian
1799,Casa de mi Padre
1800,Pathology
1801,Seventh Son
1802,The Legend of the Lone Ranger
1803,Knowing
1804,Maria Full of Grace
1805,Cold Mountain
1806,Shame
1807,Hereditary
1808,Session 9
1809,The Nun's Story
1810,31
1811,Dogma
1812,The Princess Diaries 2: Royal Engagement
1813,The Vow
1814,Red Sonja
1815,The Forest
1816,Vacation
1817,Sideways
1818,Simon Birch
1819,Bad Lieutenant: Port of Call New Orleans
1820,Spiral
1821,Head Over Heels
1822,The Mothman Prophecies
1823,Four Weddings and a Funeral
1824,Infamous
1825,Party Monster
1826,Father Figures
1827,Blacklight
1828,Flash Gordon
1829,Gothika
1830,I Still Know What You Did Last Summer
1831,Georgia Rule
1832,Warlock: The Armageddon
1833,Freedom Writers
1834,The Lobster
1835,The Boat That Rocked
1836,Chronicle
1837,Executive Decision
1838,Hudson Hawk
1839,Toy Story
1840,Creepshow 2
1841,Contact
1842,Meet Dave
1843,Lovesick
1844,Training Day
1845,Notting Hill
1846,The World's End
1847,Robin Hood
1848,The Forbidden Kingdom
1849,The Ghost and the Darkness
1850,An Ideal Husband
1851,The Impossible
1852,12 Strong
1853,The Golden Compass
1854,The Kitchen
1855,The Golden Child
1856,Frozen II
1857,The Lake House
1858,Blinded by the Light
1859,The Day the Earth Stood Still
1860,Breakfast of Champions
1861,Stuber
1862,The Ballad of Cable Hogue
1863,Smilla's Sense of Snow
1864,Lord of War
1865,Hanging Up
1866,Brick Mansions
1867,Evolution
1868,The Runaways
1869,No Strings Attached
1870,Mercury Rising
1871,Red Dawn
1872,The Sorcerer's Apprentice
1873,Pirates of the Caribbean: On Stranger Tides
1874,Kung Pow: Enter the Fist
1875,M*A*S*H
1876,Ticket to Paradise
1877,Before Midnight
1878,Alone in the Dark
1879,Hoot
1880,Midnight in the Garden of Good and Evil
1881,Glory Road
1882,Tag
1883,How to Lose a Guy in 10 Days
1884,Sky High
1885,Halloween
1886,The Possession
1887,Alice in Wonderland
1888,Last Christmas
1889,Dawn of the Dead
1890,Secrets & Lies
1891,Blue Jasmine
1892,Good Will Hunting
1893,Employee of the Month
1894,The Truman Show
1895,Rebecca
1896,Morning Glory
1897,The Californians
1898,The Florida Project
1899,Cursed
1900,Alex Cross
1901,World Trade Center
1902,A Quiet Place
1903,Kidnap
1904,Love and Monsters
1905,Beverly Hills Cop III
1906,Blair Witch
1907,The Other Woman
1908,The Ugly Truth
1909,Hop
1910,Tea with Mussolini
1911,Fahrenheit 9/11
1912,Cirque du Soleil: Worlds Away
1913,Happy Death Day 2U
1914,Short Cut to Nirvana: Kumbh Mela
1915,Traitor
1916,Flightplan
1917,Geostorm
1918,Tron
1919,Rize
1920,Dracula Untold
1921,Jurassic Park III
1922,The Perfect Storm
1923,Drunk Wedding
1924,Big Hero 6
1925,Rushmore
1926,Tombstone
1927,Elsa & Fred
1928,Out of Sight
1929,Money Talks
1930,"McFarland, USA"
1931,American Desi
1932,Around the World in 80 Days
1933,Kevin Hart: Let Me Explain
1934,After Earth
1935,One Night with the King
1936,Iris
1937,Black Rain
1938,Night at the Museum: Secret of the Tomb
1939,We Were Soldiers
1940,The New Mutants
1941,Happy Feet Two
1942,Night at the Museum
1943,The Promise
1944,The Lucky One
1945,The Omen
1946,Woodlawn
1947,The Love Guru
1948,The Royal Tenenbaums
1949,8 Heads in a Duffel Bag
1950,Rocketman
1951,Get on Up
1952,The Perfect Match
1953,The Hunger Games: Catching Fire
1954,Chasing Mavericks
1955,Robots
1956,Hall Pass
1957,"Monsters, Inc."
1958,Domino
1959,The Hudsucker Proxy
1960,Tumbleweeds
1961,Harry Potter and the Half-Blood Prince
1962,Clash of the Titans
1963,The Informer
1964,World's Greatest Dad
1965,Prom Night
1966,Safety Not Guaranteed
1967,Planet of the Apes
1968,Batman Begins
1969,The Bucket List
1970,Billy Jack
1971,The Life of David Gale
1972,Deuce Bigalow: European Gigolo
1973,The Artist
1974,Insomnia
1975,Morgan
1976,Despicable Me 3
1977,Paul Blart: Mall Cop 2
1978,In the Heart of the Sea
1979,Did You Hear About the Morgans?
1980,Disaster Movie
1981,Cruel Intentions
1982,The Adventures of Elmo in Grouchland
1983,Doctor Zhivago
1984,Ballistic: Ecks vs. Sever
1985,The Bourne Identity
1986,There Be Dragons
1987,Strangers on a Train
1988,Van Helsing
1989,Christopher Robin
1990,Ender's Game
1991,Land of the Lost
1992,200 Cigarettes
1993,Proud Mary
1994,Cats
1995,Stardust
1996,Mr. Deeds
1997,The Dangerous Lives of Altar Boys
1998,Meet the Mormons
1999,Must Love Dogs
2000,Brigham City
2001,Krush Groove
2002,All the Money in the World
2003,Firestorm
2004,Last Holiday
2005,Phoenix Forgotten
2006,The Man Who Knew Too Little
2007,Never Say Never Again
2008,Bride Wars
2009,The Front Page
2010,Entourage
2011,Ghost in the Shell
2012,Tarzan
2013,The Final Destination
2014,The Farewell
2015,Isn't She Great
2016,Just Wright
2017,Pinocchio
2018,Taps
2019,Donovan's Reef
2020,12 Years a Slave
2021,127 Hours
2022,Rush Hour 3
2023,Hamlet 2
2024,Frozen
2025,The Meg
2026,The Inkwell
2027,Happy Christmas
2028,Taxi Driver
2029,Copying Beethoven
2030,The Beguiled
2031,The Messenger
2032,An Ideal Husband
2033,Rabbit-Proof Fence
2034,Show Dogs
2035,Get on the Bus
2036,Erin Brockovich
2037,Blazing Saddles
2038,All About Steve
2039,Stone Cold
2040,The Hangover
2041,Riding Giants
2042,I Heart Huckabees
2043,Fantastic Four
2044,The Gift
2045,Shopgirl
2046,Atomic Blonde
2047,They Live
2048,Oldboy
2049,Over Her Dead Body
2050,F/X
2051,Chaos Walking
2052,The Matrix
2053,Ararat
2054,The Texas Chainsaw Massacre: The Beginning
2055,Friday the 13th
2056,Aladdin
2057,Vantage Point
2058,Fahrenheit 11/9
2059,Disturbing Behavior
2060,Born on the Fourth of July
2061,X-Men Origins: Wolverine
2062,Trade
2063,Halloween 4: The Return of Michael Myers
2064,Beauty Shop
2065,Kicks
2066,Interstellar
2067,The Lone Ranger
2068,Sling Blade
2069,Diamonds
2070,Hercules
2071,Dangerous Liaisons
2072,Patriots Day
2073,Wing Commander
2074,Weekend
2075,Whiskey Tango Foxtrot
2076,Outside Providence
2077,Wolf
2078,Extraordinary Measures
2079,Faithful
2080,The Magnificent Seven
2081,Superstar
2082,The House Bunny
2083,Gun Shy
2084,White Chicks
2085,Children of Men
2086,Pearl Harbor
2087,Despicable Me
2088,Another Day of Life
2089,The Shawshank Redemption
2090,Raising Cain
2091,Sabotage
2092,Looney Tunes: Back in Action
2093,Resident Evil: The Final Chapter
2094,42
2095,The Player
2096,Billy Elliot
2097,The Commuter
2098,Masterminds
2099,Ready to Rumble
2100,The Dead Girl
2101,Awake
2102,Crossroads
2103,The Illusionist
2104,Animal Kingdom
2105,Toy Story 2
2106,Heartbeeps
2107,There Will Be Blood
2108,Amadeus
2109,The Sixth Sense
2110,The Wall
2111,Fifty Shades of Grey
2112,Hulk
2113,Phantom
2114,Scooby-Doo
2115,Center Stage
2116,When the Game Stands Tall
2117,The Sum of All Fears
2118,Kids
2119,Angela's Ashes
2120,The Women
2121,Where the Heart Is
2122,Red Planet
2123,The Karate Kid
2124,The Shadow
2125,Dil Jo Bhi Kahey...
2126,The Turning
2127,Juno
2128,Think Like a Man
2129,Wendy and Lucy
2130,Dark Water
2131,Creature
2132,Cleopatra
2133,Kill the Messenger
2134,As It Is in Heaven
2135,Are We There Yet?
2136,The Forsaken
2137,The Barbarians
2138,Diner
2139,The Guardian
2140,From Here to Eternity
2141,Body of Lies
2142,A Simple Wish
2143,The Big Sick
2144,Breakthrough
2145,War Room
2146,Cats & Dogs: The Revenge of Kitty Galore
2147,Star Trek Into Darkness
2148,Roger & Me
2149,Cheaper by the Dozen
2150,Halloween
2151,Nightmare Alley
2152,The Future
2153,The Crew
2154,The Dictator
2155,Real Steel
2156,Undercover Brother
2157,The Fifth Estate
2158,Joker
2159,Marley & Me
2160,A Nightmare on Elm Street
2161,Monster Hunter
2162,Action Point
2163,Thor: The Dark World
2164,Pacific Rim: Uprising
2165,It
2166,Tropic Thunder
2167,The Perfect Guy
2168,Jeepers Creepers
2169,Back to the Future Part II
2170,Twisted
2171,She's the One
2172,Holmes & Watson
2173,Dog Days
2174,Choke
2175,Passengers
2176,The Family
2177,The Shape of Water
2178,W.
2179,The Passion of the Christ
2180,Johnny English Strikes Again
2181,In the Bedroom
2182,Windtalkers
2183,Cats & Dogs
2184,Galaxy Quest
2185,Simply Irresistible
2186,Corpus Christi
2187,Blindness
2188,1408
2189,The Wackness
2190,Only the Brave
2191,This Means War
2192,Oliver Twist
2193,Alice in Wonderland
2194,Sorority Row
2195,Hocus Pocus
2196,Bully
2197,Undiscovered
2198,Flight
2199,The Fisher King
2200,The Many Saints of Newark
2201,Instinct
2202,The Valley of Decision
2203,The Sapphires
2204,For Your Consideration
2205,Bless the Child
2206,A Simple Plan
2207,Annie
2208,Unsane
2209,Batman & Robin
2210,The Incredibly True Adventure of Two Girls in Love
2211,The Lord of the Rings: The Two Towers
2212,The Jungle Book 2
2213,Tootsie
2214,Ice Princess
2215,Hart's War
2216,Superman
2217,An Officer and a Gentleman
2218,Silver Linings Playbook
2219,Annihilation
2220,Message in a Bottle
2221,Oliver!
2222,The Aviator
2223,Hotel Rwanda
2224,The Spy Who Dumped Me
2225,The Princess Diaries
2226,Gremlins 2: The New Batch
2227,Cop Car
2228,Babylon
2229,Wreck-It Ralph
2230,Diary of a Mad Black Woman
2231,Run All Night
2232,Deep Blue Sea
2233,Paddington
2234,You Kill Me
2235,Harley Davidson and the Marlboro Man
2236,Narc
2237,The SpongeBob Movie: Sponge Out of Water
2238,Eye See You
2239,High Plains Drifter
2240,Beneath the Planet of the Apes
2241,Ghost World
2242,Exotica
2243,Once Upon a Time in Mexico
2244,Columbus
2245,Blade
2246,Silverado
2247,Quantum of Solace
2248,Half Nelson
2249,"Love, Simon"
2250,The Collection
2251,The Possession of Hannah Grace
2252,Gangster Squad
2253,You Can Count on Me
2254,Captain Corelli's Mandolin
2255,Drowning Mona
2256,Reign Over Me
2257,Paranormal Activity 2
2258,The Work and the Story
2259,Spies in Disguise
2260,Escape from New York
2261,The Purge
2262,Me and Earl and the Dying Girl
2263,Home Alone 2: Lost in New York
2264,Crash
2265,Resident Evil: Afterlife
2266,Frontera
2267,Team America: World Police
2268,Wrath of the Titans
2269,Bridge of Spies
2270,Spartacus
2271,Vamps
2272,Just My Luck
2273,Sex and the City
2274,Lockout
2275,Conspiracy Theory
2276,The Imaginarium of Doctor Parnassus
2277,Bottle Rocket
2278,Exorcist II: The Heretic
2279,Stir of Echoes
2280,Roadside Romeo
2281,Birth
2282,Baby Driver
2283,My Own Private Idaho
2284,Breakthrough
2285,The 15:17 to Paris
2286,Cirque du Freak: The Vampire's Assistant
2287,Hotel Artemis
2288,Saw VI
2289,Shattered Glass
2290,Flags of Our Fathers
2291,3 Days to Kill
2292,A Serious Man
2293,For Greater Glory: The True Story of Cristiada
2294,47 Ronin
2295,Hillsong: Let Hope Rise
2296,Being John Malkovich
2297,Behind Enemy Lines
2298,Screwed
2299,Public Enemies
2300,Me and You and Everyone We Know
2301,Mama
2302,Couples Retreat
2303,A Hologram for the King
2304,Full Frontal
2305,Changeling
2306,The Horse Boy
2307,King Kong
2308,The Harvey Girls
2309,Popstar: Never Stop Never Stopping
2310,Batman Forever
2311,How Stella Got Her Groove Back
2312,"I, Robot"
2313,Wrong Turn
2314,Hobo with a Shotgun
2315,Rock of Ages
2316,The Best of Enemies
2317,Who Killed the Electric Car?
2318,The Lazarus Effect
2319,The Lion King
2320,Decoys
2321,Straw Dogs
2322,Pride and Glory
2323,Astro Boy
2324,Burn
2325,Whip It
2326,See Spot Run
2327,Blade Runner 2049
2328,Guardians of the Galaxy
2329,Catch a Fire
2330,Stick It
2331,The Great Gatsby
2332,It Happened One Night
2333,Thumbsucker
2334,Blockers
2335,Die Hard
2336,Drive Me Crazy
2337,Keeping Up with the Steins
2338,The Spy Next Door
2339,London Fields
2340,Compliance
2341,Save the Last Dance
2342,Supercross
2343,Step Up Revolution
2344,Judge Dredd
2345,Once Upon a Time in America
2346,Running Scared
2347,The Glass House
2348,Along Came Polly
2349,Spotlight
2350,Pocahontas
2351,The Flower of Evil
2352,L'incomparable mademoiselle C.
2353,Man of the House
2354,Unforgettable
2355,In the Valley of Elah
2356,The Campaign
2357,The Kid Who Would Be King
2358,Woman on Top
2359,The Promise
2360,The Omen
2361,Little Miss Sunshine
2362,Going the Distance
2363,Dear Wendy
2364,The Wicked Lady
2365,Riddick
2366,The Salton Sea
2367,Scary Movie 2
2368,Deconstructing Harry
2369,Almost Christmas
2370,The Reader
2371,The Specials
2372,The Statement
2373,Peeples
2374,Where the Crawdads Sing
2375,The Lego Movie
2376,Welcome to Mooseport
2377,Finishing the Game
2378,The Alamo
2379,The Rum Diary
2380,Shadow of the Vampire
2381,Far from the Madding Crowd
2382,In the Heights
2383,Pitch Black
2384,Pump
2385,Non-Stop
2386,Confessions of a Dangerous Mind
2387,Tolkien
2388,The Good Night
2389,The Lost World: Jurassic Park
2390,Ride Along 2
2391,The Merchant of Venice
2392,The Star
2393,The Man
2394,Carnage
2395,The Jerky Boys
2396,Full Metal Jacket
2397,Malevolence
2398,Captain America: The Winter Soldier
2399,Friday the 13th Part 2
2400,Transformers: Dark of the Moon
2401,The Salvation
2402,Rugrats Go Wild
2403,Waiting...
2404,The Legend of Hercules
2405,A League of Their Own
2406,Love Stinks
2407,The Space Between Us
2408,Holes
2409,Chinatown
2410,Truth or Dare
2411,Sex Tape
2412,Trapped
2413,The Call
2414,Scary Movie 4
2415,The Art of Racing in the Rain
2416,Higher Power
2417,The Return of the Living Dead
2418,The Land
2419,The Hunchback of Notre Dame
2420,Miracle
2421,The Taking of Pelham 123
2422,Who's Your Caddy?
2423,Mystic Pizza
2424,Paint Your Wagon
2425,Broken City
2426,Free State of Jones
2427,The Kentucky Fried Movie
2428,Octopussy
2429,Attack the Block
2430,I Hope They Serve Beer in Hell
2431,The Overnight
2432,Countdown
2433,From Dusk Till Dawn
2434,Impractical Jokers: The Movie
2435,The Conjuring: The Devil Made Me Do It
2436,Live Free or Die Hard
2437,Zoom
2438,Monster's Ball
2439,What a Girl Wants
2440,Bajrangi Bhaijaan
2441,Son of God
2442,Phenomenon
2443,Knocked Up
2444,Bad Boys II
2445,Paranormal Activity 3
2446,Cobra
2447,S.W.A.T.
2448,Garfield: A Tail of Two Kitties
2449,Tammy
2450,The Untouchables
2451,Mr. Turner
2452,Godzilla: King of the Monsters
2453,Kick-Ass
2454,Steve Jobs
2455,Mile 22
2456,The Smurfs
2457,Titan A.E.
2458,Tulip Fever
2459,The Rules of Attraction
2460,Flubber
2461,Final Destination
2462,Spider-Man: Homecoming
2463,Minions: The Rise of Gru
2464,Kung Fu Panda 3
2465,Rollerball
2466,Tiny Furniture
2467,Hot Tub Time Machine 2
2468,Timbuktu
2469,Alfie
2470,Eye for an Eye
2471,"Surfer, Dude"
2472,Bottle Shock
2473,Serenity
2474,Woman in Gold
2475,Showgirls
2476,The Last House on the Left
2477,Coraline
2478,Mission: Impossible III
2479,Star Trek: Generations
2480,Pitch Perfect
2481,Bohemian Rhapsody
2482,Bridge to Terabithia
2483,Orange County
2484,Mandela: Long Walk to Freedom
2485,The New Guy
2486,Monsters vs. Aliens
2487,Bandits
2488,Machine Gun Preacher
2489,Avengers: Age of Ultron
2490,Fantastic Beasts: The Secrets of Dumbledore
2491,Life of the Party
2492,Tomb Raider
2493,Justice League
2494,Nixon
2495,Beyond Borders
2496,Metallica Through the Never
2497,Exodus: Gods and Kings
2498,A Man Called Otto
2499,Megaforce
2500,Turbo
2501,Woo
2502,A Home at the End of the World
2503,Tooth Fairy
2504,Foolproof
2505,Tom Jones
2506,My Little Pony: The Movie
2507,A Walk on the Moon
2508,Catch-22
2509,The Roommate
2510,Batman
2511,Valiant
2512,Meet the Blacks
2513,Me Before You
2514,Second Act
2515,Beasts of No Nation
2516,The Bounce Back
2517,Clockstoppers
2518,Torn Curtain
2519,Scary Movie V
2520,Kindergarten Cop
2521,Star Trek V: The Final Frontier
2522,Easy A
2523,Knives Out
2524,The Woman in Black
2525,Hotel for Dogs
2526,The Blue Bird
2527,The Cold Light of Day
2528,55 Days at Peking
2529,The Man with the Iron Fists
2530,The Rock
2531,Miss March
2532,The Master
2533,The Jungle Book
2534,Never Back Down
2535,Ca$h
2536,Dick Tracy
2537,Topaz
2538,Spider-Man
2539,Black Adam
2540,Premium Rush
2541,Tora! Tora! Tora!
2542,Imaginary Heroes
2543,Someone Like You
2544,Batman Returns
2545,First Blood
2546,King Arthur: Legend of the Sword
2547,Bill & Ted Face the Music
2548,Love in the Time of Cholera
2549,The Full Monty
2550,Pineapple Express
2551,Let's Go to Prison
2552,The Wild Bunch
2553,Rings
2554,Bullet Train
2555,A Few Good Men
2556,Tin Cup
2557,High School Musical 3: Senior Year
2558,Mommy
2559,Honey Boy
2560,Around the World in 80 Days
2561,Chasing Papi
2562,A Midnight Clear
2563,The Three Stooges
2564,Armored
2565,Miss Bala
2566,The SpongeBob Movie: Sponge on the Run
2567,The Maze Runner
2568,Alpha
2569,Shrek
2570,Planet 51
2571,Shallow Hal
2572,Wag the Dog
2573,Albert Nobbs
2574,Slither
2575,National Treasure
2576,Welcome to the Rileys
2577,Captive State
2578,The Chronicles of Narnia: Prince Caspian
2579,K-19: The Widowmaker
2580,Hellboy II: The Golden Army
2581,Next
2582,Skyfall
2583,Be Cool
2584,Power Rangers
2585,Halloween: Resurrection
2586,In the Shadow of the Moon
2587,Chicken Run
2588,Taking Woodstock
2589,50 First Dates
2590,August: Osage County
2591,Snatched
2592,Pretty Woman
2593,Inside Man
2594,Speed 2: Cruise Control
2595,Toy Story 4
2596,Dead Man on Campus
2597,X-Men: Apocalypse
2598,Under the Rainbow
2599,Silent Hill
2600,eXistenZ
2601,To Rome with Love
2602,Upside Down
2603,Saved!
2604,Bringing Down the House
2605,The Clan of the Cave Bear
2606,Book Club
2607,The Cave
2608,Darkest Hour
2609,Hostiles
2610,Flawless
2611,Boyz n the Hood
2612,Othello
2613,Secret in Their Eyes
2614,Click
2615,Away We Go
2616,My Stepmother Is an Alien
2617,Bobby
2618,Memoirs of an Invisible Man
2619,The Tailor of Panama
2620,The Diary of a Teenage Girl
2621,The League of Extraordinary Gentlemen
2622,Switchback
2623,The Ten
2624,The House of the Devil
2625,LOL
2626,Lost in Translation
2627,The Amazing Spider-Man 2
2628,What Just Happened
2629,Dr. Dolittle 2
2630,Star Trek Beyond
2631,Snake Eyes
2632,Veer-Zaara
2633,Serving Sara
2634,Bamboozled
2635,Clash of the Titans
2636,Remember the Titans
2637,Bats
2638,Cloud Atlas
2639,Dragonfly
2640,Lost Souls
2641,Hoop Dreams
2642,Bad Santa 2
2643,College
2644,Flipped
2645,Life Itself
2646,The Santa Clause 2
2647,Footloose
2648,ABCD (Any Body Can Dance)
2649,Black Panther
2650,The Wiz
2651,White House Down
2652,Enough
2653,My Soul to Take
2654,Midnight Special
2655,Eternals
2656,Let There Be Light
2657,Walk the Line
2658,Scouts Guide to the Zombie Apocalypse
2659,The Haunting of Molly Hartley
2660,Live and Let Die
2661,"Hail, Caesar!"
2662,Dumbo
2663,Serial Mom
2664,Sin City: A Dame to Kill For
2665,Meet the Deedles
2666,Say It Isn't So
2667,Road House
2668,Apollo 13
2669,Deep Impact
2670,Valentine's Day
2671,Butch Cassidy and the Sundance Kid
2672,Tales from the Crypt: Demon Knight
2673,Alexander
2674,War of the Worlds
2675,Sin City
2676,Scooby-Doo 2: Monsters Unleashed
2677,What Lies Beneath
2678,All Good Things
2679,Quills
2680,The Living Daylights
2681,Silent Trigger
2682,On the Road
2683,The Last of the Mohicans
2684,Slumdog Millionaire
2685,Flicka
2686,Due Date
2687,Silver Bullet
2688,The Addams Family
2689,The Incredibles
2690,The Road
2691,Little Nicky
2692,Clueless
2693,One Flew Over the Cuckoo's Nest
2694,The Brothers Solomon
2695,The Drop
2696,Middle School: The Worst Years of My Life
2697,Raise Your Voice
2698,Martha Marcy May Marlene
2699,Death at a Funeral
2700,Dragonball Evolution
2701,Unbroken
2702,Max Keeble's Big Move
2703,Midway
2704,The Incredible Hulk
2705,Shortbus
2706,Final Destination 2
2707,R.I.P.D.
2708,Bright Star
2709,Broken Arrow
2710,The Men Who Stare at Goats
2711,Cutthroat Island
2712,Jarhead
2713,Penguins of Madagascar
2714,The Longshots
2715,Hot Pursuit
2716,The Purge: Election Year
2717,Venom
2718,It's Kind of a Funny Story
2719,Fighting
2720,The Ghastly Love of Johnny X
2721,Before Sunrise
2722,Star Trek: Nemesis
2723,The Departed
2724,Life as We Know It
2725,Bad Company
2726,Compadres
2727,The Missing Person
2728,The Beverly Hillbillies
2729,Out of Africa
2730,The Word
2731,White Noise
2732,Happy Gilmore
2733,The Infiltrator
2734,World War Z
2735,La Bamba
2736,Empire
2737,Heaven Can Wait
2738,Rachel Getting Married
2739,Brooklyn
2740,Against the Ropes
2741,Brainstorm
2742,Mumford
2743,Bridesmaids
2744,Drive
2745,Judas and the Black Messiah
2746,The Three Musketeers
2747,Zodiac
2748,Witchboard
2749,Mortal Engines
2750,End of Days
2751,State Fair
2752,Holy Motors
2753,Scream
2754,The Brothers Grimsby
2755,Monsters
2756,Die Hard 2
2757,Annie Hall
2758,Vampire in Brooklyn
2759,Paws of Fury: The Legend of Hank
2760,Black Widow
2761,Greater
2762,London Has Fallen
2763,The Broken Hearts Club: A Romantic Comedy
2764,Slow West
2765,The Juror
2766,Captain America: The First Avenger
2767,Joy Ride
2768,Housefull
2769,Epic
2770,Baahubali 2: The Conclusion
2771,Willy Wonka & the Chocolate Factory
2772,Kevin Hart: What Now?
2773,Home
2774,Before Sunset
2775,Escape Room
2776,Words on Bathroom Walls
2777,Live by Night
2778,All About the Benjamins
2779,Batman v Superman: Dawn of Justice
2780,Sausage Party
2781,Joyful Noise
2782,Alex & Emma
2783,The Dilemma
2784,Ant-Man
2785,Baby Geniuses
2786,American Outlaws
2787,Legend of the Guardians: The Owls of Ga'Hoole
2788,Life of Brian
2789,Videodrome
2790,House of Wax
2791,Excessive Force
2792,American Sniper
2793,Freddy Got Fingered
2794,"As Above, So Below"
2795,The Book Thief
2796,Final Destination 3
2797,Knock Knock
2798,16 Blocks
2799,Big Eyes
2800,Philomena
2801,Peggy Sue Got Married
2802,Notes on a Scandal
2803,Money Train
2804,Tenet
2805,The Tuxedo
2806,The November Man
2807,Over the Hedge
2808,Stan & Ollie
2809,The Karate Kid
2810,Cop Land
2811,The Bridge on the River Kwai
2812,Jackass Presents: Bad Grandpa
2813,Fever Pitch
2814,Shanghai
2815,Ted
2816,The Wolf of Wall Street
2817,Sphere
2818,Desperado
2819,Hell or High Water
2820,Minority Report
2821,Stargate
2822,Idle Hands
2823,Nowhere to Run
2824,The Count of Monte Cristo
2825,Patch Adams
2826,The Muppet Christmas Carol
2827,Volcano
2828,Boom Town
2829,Sicko
2830,Loving Vincent
2831,The Out-of-Towners
2832,The Lady in the Van
2833,Fast Times at Ridgemont High
2834,Northfork
2835,The Benchwarmers
2836,Club Dread
2837,Shadow Conspiracy
2838,"Bright Lights, Big City"
2839,My Dog Skip
2840,Assassination Nation
2841,Radio
2842,Notorious
2843,Welcome to Marwen
2844,Apocalypse Now
2845,Miracle at St. Anna
2846,Bo Gia
2847,On the Waterfront
2848,High Heels and Low Lifes
2849,Harriet the Spy
2850,Jack the Giant Slayer
2851,Addams Family Values
2852,3000 Miles to Graceland
2853,Anna
2854,The Animal
2855,"Crouching Tiger, Hidden Dragon"
2856,xXx
2857,Jason Goes to Hell: The Final Friday
2858,Warrior
2859,The Polar Express
2860,Arctic Dogs
2861,Life
2862,Red Tails
2863,The Green Mile
2864,Logan's Run
2865,Dark Skies
2866,Identity Thief
2867,Office Christmas Party
2868,The Holiday
2869,The Calling
2870,My Best Friend's Girl
2871,The Raven
2872,Let Me In
2873,Welcome to Collinwood
2874,Lake Placid
2875,Arthur
2876,Cold Pursuit
2877,The Italian Job
2878,Alvin and the Chipmunks: The Road Chip
2879,The Hunt
2880,Alive
2881,Underdogs
2882,The Lost Medallion: The Adventures of Billy Stone
2883,The Black Stallion
2884,Air Bud
2885,Hollywood Homicide
2886,Zootopia
2887,Pale Rider
2888,A Prairie Home Companion
2889,King Kong
2890,The Father
2891,Keeping the Faith
2892,Sky Captain and the World of Tomorrow
2893,Brave
2894,The Santa Clause
2895,The Bounty Hunter
2896,"Dude, Where's My Car?"
2897,"The Book of Mormon Movie, Volume 1: The Journey"
2898,The Best Years of Our Lives
2899,Breathless
2900,The Curse of La Llorona
2901,Stripes
2902,Fright Night
2903,Zombieland: Double Tap
2904,Dumb and Dumber To
2905,Mr. Peabody & Sherman
2906,Brown Sugar
2907,Arthur Christmas
2908,Men of Honor
2909,Enemy of the State
2910,Unknown
2911,Kin
2912,Transporter 3
2913,Gattaca
2914,Captain Fantastic
2915,Stay Alive
2916,An Inconvenient Truth
2917,Bones
2918,Dance Flick
2919,The English Patient
2920,Resident Evil: Extinction
2921,Vicky Cristina Barcelona
2922,Armageddon Time
2923,Act of Valor
2924,City Hall
2925,The Rookie
2926,Love & Friendship
2927,Scrooged
2928,Patriot Games
2929,Guess Who
2930,Amour
2931,Love and Death
2932,Brothers
2933,Austin Powers: International Man of Mystery
2934,Fifty Shades Darker
2935,Insidious: The Last Key
2936,Carol
2937,ATL
2938,Entrapment
2939,Steel
2940,Stealth
2941,Red Sparrow
2942,Multiplicity
2943,The Fog
2944,The Thomas Crown Affair
2945,Underdogs
2946,Basquiat
2947,Everybody's Fine
2948,The Land Before Time
2949,A Beautiful Day in the Neighborhood
2950,Curious George
2951,Take Shelter
2952,Fences
2953,The Forgotten
2954,I Know What You Did Last Summer
2955,Rambo
2956,Love Jones
2957,Mambo Italiano
2958,Mary Poppins
2959,What to Expect When You're Expecting
2960,The Perks of Being a Wallflower
2961,Step Up
2962,Wind River
2963,Annie Get Your Gun
2964,Modern Times
2965,The Grudge
2966,Righteous Kill
2967,Shrek Forever After
2968,Get Rich or Die Tryin'
2969,Daddy Day Camp
2970,Kangaroo Jack
2971,Hell Fest
2972,The Neon Demon
2973,The Remains of the Day
2974,Doom
2975,Little Black Book
2976,House on Haunted Hill
2977,The Adventures of Tintin
2978,Onward
2979,Interview with the Assassin
2980,The Devil's Double
2981,West Side Story
2982,Freeway
2983,The Net
2984,Major League
2985,Windsor Drive
2986,Treasure Planet
2987,Made of Honor
2988,Whiplash
2989,A Bad Moms Christmas
2990,A Sound of Thunder
2991,The 33
2992,8 Mile
2993,Nine Lives
2994,Alien: Resurrection
2995,Smoke Signals
2996,Pet Sematary
2997,Barbershop: The Next Cut
2998,Species
2999,Lady in White
3000,10th & Wolf
3001,A Man for All Seasons
3002,X-Men: The Last Stand
3003,Late Night
3004,Six-String Samurai
3005,Juwanna Mann
3006,The Collector
3007,Where the Truth Lies
3008,Midnight Sun
3009,Evita
3010,J. Edgar
3011,Beautiful Creatures
3012,Every Day
3013,Keanu
3014,Homefront
3015,The Crocodile Hunter: Collision Course
3016,Notorious
3017,Voyagers
3018,Flashdance
3019,The Majestic
3020,The Muse
3021,Kill the Irishman
3022,Igby Goes Down
3023,Blackhat
3024,Buffy the Vampire Slayer
3025,Extract
3026,Alien: Covenant
3027,She's All That
3028,Reindeer Games
3029,The Darkest Minds
3030,The Last King of Scotland
3031,Sully
3032,Sphinx
3033,Ice Age: The Meltdown
3034,Up
3035,Sex and the City 2
3036,Duma
3037,Unfinished Business
3038,Crank
3039,Nancy Drew and the Hidden Staircase
3040,Mad Max
3041,Indiana Jones and the Kingdom of the Crystal Skull
3042,Caravans
3043,Plush
3044,War
3045,Saving Private Ryan
3046,Under the Tuscan Sun
3047,The Strangers
3048,Baggage Claim
3049,Punisher: War Zone
3050,Tangled
3051,Thank You for Your Service
3052,The Bourne Legacy
3053,The Harvest/La Cosecha
3054,American Reunion
3055,Sinister
3056,Journey to the Center of the Earth
3057,Raise the Titanic
3058,Wilson
3059,Adam
3060,American Graffiti
3061,Pandora's Box
3062,Cyrus
3063,Why Did I Get Married?
3064,Blue Like Jazz
3065,The Nativity Story
3066,Ghost Town
3067,The Oh in Ohio
3068,The Queen
3069,Bathing Beauty
3070,A History of Violence
3071,The Happening
3072,The Damned United
3073,Redemption
3074,Analyze That
3075,Enchanted
3076,Halloween Kills
3077,Blue Crush
3078,Home on the Range
3079,Transsiberian
3080,Fried Green Tomatoes
3081,Showtime
3082,The Lincoln Lawyer
3083,Beloved
3084,The Dark Half
3085,The Order
3086,Regression
3087,Jekyll and Hyde... Together Again
3088,Barney's Great Adventure
3089,The Open Road
3090,Jay and Silent Bob Reboot
3091,Fuel
3092,The Wretched
3093,National Lampoon's Animal House
3094,Hanna
3095,The Circle
3096,The Menu
3097,The Sitter
3098,Casino Royale
3099,Groove
3100,Set It Off
3101,Double Jeopardy
3102,Femme Fatale
3103,Bedtime Stories
3104,Psycho
3105,The Children of Huang Shi
3106,The Invention of Lying
3107,"South Park: Bigger, Longer & Uncut"
3108,Brothers
3109,Doctor Sleep
3110,The Girl with the Dragon Tattoo
3111,From Justin to Kelly
3112,The Equalizer
3113,Den of Thieves
3114,All My Life
3115,The Dukes of Hazzard
3116,The Perez Family
3117,Raising Helen
3118,Incident at Loch Ness
3119,Velvet Goldmine
3120,Big Fat Liar
3121,Mad Hot Ballroom
3122,Imagine That
3123,Dark Angel
3124,Stigmata
3125,Shrek the Third
3126,Saw IV
3127,La La Land
3128,The Caveman's Valentine
3129,The Disappointments Room
3130,The Brothers Grimm
3131,The Hurricane
3132,The Lego Ninjago Movie
3133,Jack
3134,Loving
3135,The Soloist
3136,Please Give
3137,Gentlemen Broncos
3138,Ocean's Eleven
3139,The Elephant Man
3140,The Haunting
3141,The Rhythm Section
3142,Win Win
3143,Gamer
3144,Magic Mike XXL
3145,The Misfits
3146,Meet Joe Black
3147,Morbius
3148,The Last Sin Eater
3149,Safe
3150,Domestic Disturbance
3151,A Walk Among the Tombstones
3152,Magic Mike
3153,Anna Karenina
3154,The Company
3155,Kevin Hart: Laugh at My Pain
3156,Coco
3157,Control
3158,Dreamcatcher
3159,23 Blast
3160,Shakespeare in Love
3161,Rambo: Last Blood
3162,The Strangers: Prey at Night
3163,Virtuosity
3164,The Prince of Egypt
3165,G.I. Joe: The Rise of Cobra
3166,Soldier
3167,Beyond the Valley of the Dolls
3168,Niagara
3169,Mad City
3170,Vertical Limit
3171,American Gangster
3172,How to Train Your Dragon: The Hidden World
3173,The Homesman
3174,The Masked Saint
3175,Jaws
3176,Jonah: A VeggieTales Movie
3177,The First Purge
3178,Finding Dory
3179,The Pallbearer
3180,Camp X-Ray
3181,The Pirates! Band of Misfits
3182,Smurfs: The Lost Village
3183,Mona Lisa Smile
3184,Savages
3185,The Messenger: The Story of Joan of Arc
3186,Avengers: Infinity War
3187,Halloween: The Curse of Michael Myers
3188,Marshall
3189,Jersey Girl
3190,Kabhi Alvida Naa Kehna
3191,Disturbia
3192,About Time
3193,Sydney White
3194,The Painted Veil
3195,Sorority Boys
3196,Into the Storm
3197,Major Dundee
3198,Days of Thunder
3199,Cars
3200,American Pie 2
3201,Risen
3202,See No Evil
3203,My Fair Lady
3204,Copycat
3205,The Way Back
3206,Chappie
3207,The House of Mirth
3208,Mighty Joe Young
3209,Police Academy
3210,Rabbit Hole
3211,Iron Man 3
3212,Rules of Engagement
3213,A Bridge Too Far
3214,Home Again
3215,The Replacement Killers
3216,Two Weeks Notice
3217,Showdown in Little Tokyo
3218,Hellboy
3219,The Cotton Club
3220,The Nutcracker
3221,Scary Stories to Tell in the Dark
3222,Shanghai Noon
3223,Detroit Rock City
3224,The Last Time I Committed Suicide
3225,Wild Things
3226,Bubble Boy
3227,Jumper
3228,Doogal
3229,The New World
3230,The Secret Life of Pets 2
3231,Confidence
3232,The Banger Sisters
3233,The Angry Birds Movie 2
3234,The Company You Keep
3235,City by the Sea
3236,My Big Fat Greek Wedding 2
3237,Inception
3238,Paper Towns
3239,Bombshell
3240,Teenage Mutant Ninja Turtles
3241,The Stewardesses
3242,Crown Vic
3243,Diary of a Wimpy Kid
3244,Aladdin
3245,The Manchurian Candidate
3246,The Next Three Days
3247,The Gambler
3248,Top Gun: Maverick
3249,You Got Served
3250,The Best Man
3251,Hollywood Shuffle
3252,The Prisoner of Zenda
3253,Ronin
3254,Jackass 3D
3255,The Matrix Revolutions
3256,What Planet Are You From?
3257,Star Trek: Insurrection
3258,Love Me Tender
3259,The Equalizer 2
3260,Oblivion
3261,Under Fire
3262,Special
3263,The Woman King
3264,Raging Bull
3265,Super Size Me
3266,American Made
3267,Neighbors
3268,Redemption
3269,The Ghost Writer
3270,The Hobbit: The Desolation of Smaug
3271,Return to the Blue Lagoon
3272,Gone Girl
3273,2046
3274,Casper
3275,Lethal Weapon 4
3276,Destroyer
3277,The Game of Their Lives
3278,Smallfoot
3279,The Land Girls
3280,Repo Men
3281,Yes Man
3282,An Education
3283,Captain Phillips
3284,Dog
3285,Napoleon Dynamite
3286,Fat Albert
3287,Austin Powers: The Spy Who Shagged Me
3288,Hustle & Flow
3289,The Big Year
3290,Poseidon
3291,Hearts Beat Loud
3292,Murder on the Orient Express
3293,Night of the Living Dead
3294,MacGruber
3295,Poetic Justice
3296,Moby Dick
3297,Brothers
3298,Chasing Liberty
3299,Thor: Ragnarok
3300,Spy Hard
3301,Sinister 2
3302,Ant-Man and the Wasp
3303,The Apartment
3304,Extreme Ops
3305,The Age of Innocence
3306,The Wizard of Oz
3307,Cats Don't Dance
3308,Skyline
3309,Panic Room
3310,Before I Go to Sleep
3311,"Big Mommas: Like Father, Like Son"
3312,The Lawnmower Man
3313,Kiss of the Dragon
3314,Buried
3315,Inside Llewyn Davis
3316,90 Minutes in Heaven
3317,The Hours
3318,Berlin Syndrome
3319,The Eyes of My Mother
3320,Ghostbusters: Afterlife
3321,Salt
3322,Nightcrawler
3323,Alexander's Ragtime Band
3324,9
3325,Pi
3326,Monte Carlo
3327,Lucky Number Slevin
3328,Conviction
3329,The Bourne Supremacy
3330,The Last Stand
3331,Rugrats in Paris
3332,Black Swan
3333,Poms
3334,How to Train Your Dragon
3335,In Good Company
3336,Final Destination 5
3337,New York Stories
3338,Monkeybone
3339,Larry Crowne
3340,Gone
3341,A Walk in the Woods
3342,The One
3343,Krrish
3344,2 Fast 2 Furious
3345,Halloween 5: The Revenge of Michael Myers
3346,We Own the Night
3347,Bee Movie
3348,The Big Hit
3349,Edward Scissorhands
3350,The Mask of Zorro
3351,Chocolate: Deep Dark Secrets
3352,Denial
3353,Beowulf
3354,A Dog of Flanders
3355,27 Dresses
3356,Ramona and Beezus
3357,Hearts in Atlantis
3358,Darkness Falls
3359,The Shaggy Dog
3360,Carrie
3361,Point Break
3362,Storks
3363,Urbania
3364,Project X
3365,It Comes at Night
3366,Warriors of Virtue
3367,The Bye Bye Man
3368,Tales from the Hood
3369,Super Mario Bros.
3370,Anna
3371,Only God Forgives
3372,You Only Live Twice
3373,The Dark Hours
3374,American Teen
3375,Hostel: Part II
3376,Motherless Brooklyn
3377,Unbreakable
3378,Ain't Them Bodies Saints
3379,The Siege
3380,High Crimes
3381,Double Impact
3382,A Mouthful of Air
3383,The Proposal
3384,Mad Money
3385,Truth
3386,Hide and Seek
3387,Lethal Weapon 3
3388,Unhinged
3389,Chasing Amy
3390,She Done Him Wrong
3391,Khiladi 786
3392,People Like Us
3393,Invaders from Mars
3394,Heist
3395,10 Cloverfield Lane
3396,Harriet
3397,Jigsaw
3398,Jab Tak Hai Jaan
3399,The Addams Family
3400,Outbreak
3401,Dog Days
3402,Source Code
3403,Letters to Juliet
3404,The Skeleton Twins
3405,The Pink Panther
3406,The Marine
3407,The Jackal
3408,Rock Star
3409,The Wolfman
3410,Under Siege 2: Dark Territory
3411,102 Dalmatians
3412,The Adjustment Bureau
3413,The Loss of Sexual Innocence
3414,Left Behind
3415,The Back-up Plan
3416,Love & Basketball
3417,Private Benjamin
3418,Jurassic Park
3419,47 Meters Down
3420,Sweet Charity
3421,Quartet
3422,Encanto
3423,"I, Tonya"
3424,The Rage: Carrie 2
3425,The Brothers
3426,Peter Pan
3427,Twilight
3428,The Cookout
3429,No Country for Old Men
3430,The Circle
3431,F9: The Fast Saga
3432,Evil Dead II
3433,Peppermint
3434,Elvis
3435,Where the Wild Things Are
3436,Ulee's Gold
3437,G.I. Jane
3438,Year One
3439,Kingdom of Heaven
3440,Zero Dark Thirty
3441,Little Women
3442,The Greatest Show on Earth
3443,Henry V
3444,Elizabeth: The Golden Age
3445,Red Eye
3446,Heroes
3447,Warcraft
3448,Burn After Reading
3449,Desert Dancer
3450,Smile
3451,The Omega Code
3452,The Change-Up
3453,Critical Care
3454,Teen Wolf Too
3455,Underworld: Blood Wars
3456,The Sisterhood of the Traveling Pants 2
3457,Lady Bird
3458,Transformers: Revenge of the Fallen
3459,Robot & Frank
3460,The Croods: A New Age
3461,The Fog
3462,Joe Somebody
3463,The Skeleton Key
3464,Smile
3465,In Bruges
3466,Agent Cody Banks
3467,Master and Commander: The Far Side of the World
3468,Jeepers Creepers 2
3469,She's Out of My League
3470,Cloudy with a Chance of Meatballs 2
3471,3 Ninjas Kick Back
3472,Gossip
3473,Anna and the King
3474,American Honey
3475,Breaking In
3476,Roll Bounce
3477,True Grit
3478,28 Days
3479,The Rugrats Movie
3480,Harold & Kumar Escape from Guantanamo Bay
3481,Dog
3482,Mad Max: Fury Road
3483,Winnie the Pooh
3484,The Phantom of the Opera
3485,Snitch
3486,The Night Before
3487,Ricki and the Flash
3488,The Replacements
3489,Conan the Barbarian
3490,Super Troopers 2
3491,Moonlight
3492,Footloose
3493,Courage Under Fire
3494,12 Rounds
3495,Vampires
3496,Cliffhanger
3497,1941
3498,Iron Man 2
3499,RoboCop
3500,Nick and Norah's Infinite Playlist
3501,Soul Food
3502,Mission to Mars
3503,Dead Man Walking
3504,Barbarian
3505,A Civil Action
